,subreddit,primary,secondary,tertiary,quadternary
0,AnimalsBeingJerks,t,o,p,i
1,AnimalsBeingBros,t,o,p,i
2,AnimalPorn,t,o,p,i
3,AnimalsBeingDerps,t,o,p,i
4,likeus,t,o,p,i
5,stoppedworking,t,o,p,i
6,hitmanimals,t,o,p,i
7,animaltextgifs,t,o,p,i
8,BeforeNAfterAdoption,t,o,p,i
9,sneks,t,o,p,i
10,TsundereSharks,t,o,p,i
11,whatsthisbug,t,o,p,i
12,HybridAnimals,t,o,p,i
13,zoomies,t,o,p,i
14,brushybrushy,t,o,p,i
15,bigboye,t,o,p,i
16,curledfeetsies,t,o,p,i
17,mlem,t,o,p,i
18,Floof,t,o,p,i
19,shittyanimalfacts,t,o,p,i
20,animalsthatlovemagic,t,o,p,i
21,spiderbro,t,o,p,i
22,properanimalnames,t,o,p,i
23,reverseanimalrescue,t,o,p,i
24,animalsdoingstuff,t,o,p,i
25,sploot,t,o,p,i
26,nsfw,t,o,p,i
27,nsfw2,t,o,p,i
28,bonermaterial,t,o,p,i
29,nsfw411,t,o,p,i
30,iWantToFuckHer,t,o,p,i
31,exxxtras,t,o,p,i
32,distension,t,o,p,i
33,bimbofetish,t,o,p,i
34,christiangirls,t,o,p,i
35,dirtygaming,t,o,p,i
36,sexybutnotporn,t,o,p,i
37,femalepov,t,o,p,i
38,omgbeckylookathiscock,t,o,p,i
39,sexygirls,t,o,p,i
40,breedingmaterial,t,o,p,i
41,canthold,t,o,p,i
42,toocuteforporn,t,o,p,i
43,justhotwomen,t,o,p,i
44,stripgirls,t,o,p,i
45,hotstuffnsfw,t,o,p,i
46,uncommonposes,t,o,p,i
47,gifsofremoval,t,o,p,i
48,nostalgiafapping,t,o,p,i
49,truefmk,t,o,p,i
50,nudes,t,o,p,i
51,slut,t,o,p,i
52,realgirls,t,o,p,i
53,amateur,t,o,p,i
54,homemadexxx,t,o,p,i
55,dirtypenpals,t,o,p,i
56,FestivalSluts,t,o,p,i
57,CollegeAmateurs,t,o,p,i
58,amateurcumsluts,t,o,p,i
59,nsfw_amateurs,t,o,p,i
60,funwithfriends,t,o,p,i
61,randomsexiness,t,o,p,i
62,amateurporn,t,o,p,i
63,normalnudes,t,o,p,i
64,ItsAmateurHour,t,o,p,i
65,irlgirls,t,o,p,i
66,verifiedamateurs,t,o,p,i
67,NSFWverifiedamateurs,t,o,p,i
68,rule34,t,o,p,i
69,ecchi,t,o,p,i
70,futanari,t,o,p,i
71,doujinshi,t,o,p,i
72,yiff,t,o,p,i
73,furry,t,o,p,i
74,monstergirl,t,o,p,i
75,BDSM,t,o,p,i
76,Bondage,t,o,p,i
77,BDSMcommunity,t,o,p,i
78,bdsmgw,t,o,p,i
79,femdom,t,o,p,i
80,blowjobs,t,o,p,i
81,lipsthatgrip,t,o,p,i
82,deepthroat,t,o,p,i
83,onherknees,t,o,p,i
84,blowjobsandwich,t,o,p,i
85,iwanttosuckcock,t,o,p,i
86,bodyperfection,t,o,p,i
87,samespecies,t,o,p,i
88,athleticgirls,t,o,p,i
89,coltish,t,o,p,i
90,cumsluts,t,o,p,i
91,GirlsFinishingTheJob,t,o,p,i
92,cumfetish,t,o,p,i
93,amateurcumsluts,t,o,p,i
94,cumcoveredfucking,t,o,p,i
95,cumhaters,t,o,p,i
96,thickloads,t,o,p,i
97,before_after_cumsluts,t,o,p,i
98,pulsatingcumshots,t,o,p,i
99,impressedbycum,t,o,p,i
100,HappyEmbarrassedGirls,t,o,p,i
101,unashamed,t,o,p,i
102,borednignored,t,o,p,i
103,annoyedtobenude,t,o,p,i
104,damngoodinterracial,t,o,p,i
105,NSFW_GIF,t,o,p,i
106,nsfw_gifs,t,o,p,i
107,porn_gifs,t,o,p,i
108,porninfifteenseconds,t,o,p,i
109,CuteModeSlutMode,t,o,p,i
110,60fpsporn,t,o,p,i
111,NSFW_HTML5,t,o,p,i
112,the_best_nsfw_gifs,t,o,p,i
113,verticalgifs,t,o,p,i
114,besthqporngifs,t,o,p,i
115,twingirls,t,o,p,i
116,groupofnudegirls,t,o,p,i
117,Ifyouhadtopickone,t,o,p,i
118,nsfwhardcore,t,o,p,i
119,SheLikesItRough,t,o,p,i
120,strugglefucking,t,o,p,i
121,jigglefuck,t,o,p,i
122,whenitgoesin,t,o,p,i
123,outercourse,t,o,p,i
124,gangbang,t,o,p,i
125,pegging,t,o,p,i
126,insertions,t,o,p,i
127,passionx,t,o,p,i
128,xsome,t,o,p,i
129,shefuckshim,t,o,p,i
130,60fpsporn,t,o,p,i
131,highresNSFW,t,o,p,i
132,NSFW_HTML5,t,o,p,i
133,incestporn,t,o,p,i
134,wincest,t,o,p,i
135,incest_gifs,t,o,p,i
136,lesbians,t,o,p,i
137,StraightGirlsPlaying,t,o,p,i
138,girlskissing,t,o,p,i
139,mmgirls,t,o,p,i
140,dykesgonewild,t,o,p,i
141,justfriendshavingfun,t,o,p,i
142,holdthemoan,t,o,p,i
143,O_faces,t,o,p,i
144,jilling,t,o,p,i
145,gettingherselfoff,t,o,p,i
146,quiver,t,o,p,i
147,GirlsHumpingThings,t,o,p,i
148,forcedorgasms,t,o,p,i
149,mmgirls,t,o,p,i
150,ruinedorgasms,t,o,p,i
151,realahegao,t,o,p,i
152,ladybonersgw,t,o,p,i
153,massivecock,t,o,p,i
154,chickflixxx,t,o,p,i
155,gaybrosgonewild,t,o,p,i
156,sissies,t,o,p,i
157,penis,t,o,p,i
158,monsterdicks,t,o,p,i
159,thickdick,t,o,p,i
160,freeuse,t,o,p,i
161,fuckdoll,t,o,p,i
162,degradingholes,t,o,p,i
163,fuckmeat,t,o,p,i
164,OnOff,t,o,p,i
165,nsfwoutfits,t,o,p,i
166,girlswithglasses,t,o,p,i
167,collared,t,o,p,i
168,seethru,t,o,p,i
169,sweatermeat,t,o,p,i
170,cfnm,t,o,p,i
171,nsfwfashion,t,o,p,i
172,leotards,t,o,p,i
173,whyevenwearanything,t,o,p,i
174,shinyporn,t,o,p,i
175,gothsluts,t,o,p,i
176,porn,t,o,p,i
177,suicidegirls,t,o,p,i
178,GirlsDoPorn,t,o,p,i
179,pornstarhq,t,o,p,i
180,porninaminute,t,o,p,i
181,ChangingRooms,t,o,p,i
182,workgonewild,t,o,p,i
183,FlashingGirls,t,o,p,i
184,publicflashing,t,o,p,i
185,sexinfrontofothers,t,o,p,i
186,NotSafeForNature,t,o,p,i
187,gwpublic,t,o,p,i
188,realpublicnudity,t,o,p,i
189,flashingandflaunting,t,o,p,i
190,publicsexporn,t,o,p,i
191,nakedadventures,t,o,p,i
192,realsexyselfies,t,o,p,i
193,nude_selfie,t,o,p,i
194,Tgirls,t,o,p,i
195,traps,t,o,p,i
196,futanari,t,o,p,i
197,gonewildtrans,t,o,p,i
198,tgifs,t,o,p,i
199,shemales,t,o,p,i
200,femboys,t,o,p,i
201,transporn,t,o,p,i
202,pornvids,t,o,p,i
203,nsfw_videos,t,o,p,i
204,dirtysnapchat,t,o,p,i
205,randomactsofblowjob,t,o,p,i
206,NSFWFunny,t,o,p,i
207,pornhubcomments,t,o,p,i
208,confusedboners,t,o,p,i
209,dirtykikpals,t,o,p,i
210,nsfw_wtf,t,o,p,i
211,randomactsofmuffdive,t,o,p,i
212,stupidslutsclub,t,o,p,i
213,sluttyconfessions,t,o,p,i
214,jobuds,t,o,p,i
215,drunkdrunkenporn,t,o,p,i
216,popping,t,o,p,i
217,medicalgore,t,o,p,i
218,technology,t,o,p,i
219,internetisbeautiful,t,o,p,i
220,futurology,t,o,p,i
221,pcmasterrace,t,o,p,i
222,buildapc,t,o,p,i
223,talesfromtechsupport,t,o,p,i
224,netsec,t,o,p,i
225,gamedev,t,o,p,i
226,design,t,o,p,i
227,engineering,t,o,p,i
228,jailbreak,t,o,p,i
229,compsci,t,o,p,i
230,tech,t,o,p,i
231,hacking,t,o,p,i
232,imaginarytechnology,t,o,p,i
233,privacy,t,o,p,i
234,torrents,t,o,p,i
235,networking,t,o,p,i
236,infographics,t,o,p,i
237,piracy,t,o,p,i
238,EngineeringPorn,t,o,p,i
239,cableporn,t,o,p,i
240,simulated,t,o,p,i
241,onions,t,o,p,i
242,unixporn,t,o,p,i
243,crackwatch,t,o,p,i
244,php,t,o,p,i
245,aboringdystopia,t,o,p,i
246,virtualreality,t,o,p,i
247,opensource,t,o,p,i
248,birdswitharms,t,o,p,i
249,superbowl,t,o,p,i
250,birbs,t,o,p,i
251,partyparrot,t,o,p,i
252,birdsbeingdicks,t,o,p,i
253,emuwarflashbacks,t,o,p,i
254,birdsarentreal,t,o,p,i
255,babyelephantgifs,t,o,p,i
256,sloths,t,o,p,i
257,foxes,t,o,p,i
258,trashpandas,t,o,p,i
259,happycowgifs,t,o,p,i
260,rabbits,t,o,p,i
261,goatparkour,t,o,p,i
262,bearsdoinghumanthings,t,o,p,i
263,relationship_advice,t,o,p,i
264,raisedbynarcissists,t,o,p,i
265,legaladvice,t,o,p,i
266,bestoflegaladvice,t,o,p,i
267,advice,t,o,p,i
268,amitheasshole,t,o,p,i
269,mechanicadvice,t,o,p,i
270,toastme,t,o,p,i
271,needadvice,t,o,p,i
272,IAmA,t,o,p,i
273,ExplainlikeIAmA,t,o,p,i
274,AMA,t,o,p,i
275,casualiama,t,o,p,i
276,de_Iama,t,o,p,i
277,whowouldwin,t,o,p,i
278,wouldyourather,t,o,p,i
279,scenesfromahat,t,o,p,i
280,AskOuija,t,o,p,i
281,themonkeyspaw,t,o,p,i
282,shittysuperpowers,t,o,p,i
283,godtiersuperpowers,t,o,p,i
284,decreasinglyverbose,t,o,p,i
285,jesuschristouija,t,o,p,i
286,ShowerThoughts,t,o,p,i
287,DoesAnybodyElse,t,o,p,i
288,changemyview,t,o,p,i
289,crazyideas,t,o,p,i
290,howtonotgiveafuck,t,o,p,i
291,tipofmytongue,t,o,p,i
292,quotes,t,o,p,i
293,casualconversation,t,o,p,i
294,makenewfriendshere,t,o,p,i
295,whatisthisthing,t,o,p,i
296,answers,t,o,p,i
297,NoStupidQuestions,t,o,p,i
298,amiugly,t,o,p,i
299,whatsthisbug,t,o,p,i
300,samplesize,t,o,p,i
301,tooafraidtoask,t,o,p,i
302,whatsthisplant,t,o,p,i
303,isitbullshit,t,o,p,i
304,questions,t,o,p,i
305,morbidquestions,t,o,p,i
306,tifu,t,o,p,i
307,self,t,o,p,i
308,confession,t,o,p,i
309,fatpeoplestories,t,o,p,i
310,confessions,t,o,p,i
311,storiesaboutkevin,t,o,p,i
312,depression,t,o,p,i
313,SuicideWatch,t,o,p,i
314,Anxiety,t,o,p,i
315,foreveralone,t,o,p,i
316,offmychest,t,o,p,i
317,socialanxiety,t,o,p,i
318,trueoffmychest,t,o,p,i
319,unsentletters,t,o,p,i
320,rant,t,o,p,i
321,anthropology,t,o,p,i
322,Art,t,o,p,i
323,redditgetsdrawn,t,o,p,i
324,heavymind,t,o,p,i
325,drawing,t,o,p,i
326,graffiti,t,o,p,i
327,retrofuturism,t,o,p,i
328,sketchdaily,t,o,p,i
329,ArtPorn,t,o,p,i
330,pixelart,t,o,p,i
331,artfundamentals,t,o,p,i
332,learnart,t,o,p,i
333,specart,t,o,p,i
334,animation,t,o,p,i
335,wimmelbilder,t,o,p,i
336,illustration,t,o,p,i
337,streetart,t,o,p,i
338,gamedev,t,o,p,i
339,engineering,t,o,p,i
340,ubuntu,t,o,p,i
341,cscareerquestions,t,o,p,i
342,EngineeringStudents,t,o,p,i
343,askengineers,t,o,p,i
344,Economics,t,o,p,i
345,business,t,o,p,i
346,entrepreneur,t,o,p,i
347,marketing,t,o,p,i
348,BasicIncome,t,o,p,i
349,YouShouldKnow,t,o,p,i
350,everymanshouldknow,t,o,p,i
351,LearnUselessTalents,t,o,p,i
352,changemyview,t,o,p,i
353,howto,t,o,p,i
354,Foodforthought,t,o,p,i
355,educationalgifs,t,o,p,i
356,lectures,t,o,p,i
357,education,t,o,p,i
358,college,t,o,p,i
359,GetStudying,t,o,p,i
360,teachers,t,o,p,i
361,watchandlearn,t,o,p,i
362,bulletjournal,t,o,p,i
363,applyingtocollege,t,o,p,i
364,lawschool,t,o,p,i
365,environment,t,o,p,i
366,zerowaste,t,o,p,i
367,history,t,o,p,i
368,AskHistorians,t,o,p,i
369,AskHistory,t,o,p,i
370,ColorizedHistory,t,o,p,i
371,badhistory,t,o,p,i
372,100yearsago,t,o,p,i
373,linguistics,t,o,p,i
374,languagelearning,t,o,p,i
375,learnjapanese,t,o,p,i
376,french,t,o,p,i
377,etymology,t,o,p,i
378,law,t,o,p,i
379,math,t,o,p,i
380,theydidthemath,t,o,p,i
381,medicalschool,t,o,p,i
382,medizzy,t,o,p,i
383,psychology,t,o,p,i
384,JordanPeterson,t,o,p,i
385,Science,t,o,p,i
386,AskScience,t,o,p,i
387,cogsci,t,o,p,i
388,medicine,t,o,p,i
389,everythingscience,t,o,p,i
390,geology,t,o,p,i
391,anime,t,o,p,i
392,manga,t,o,p,i
393,anime_irl,t,o,p,i
394,awwnime,t,o,p,i
395,TsundereSharks,t,o,p,i
396,animesuggest,t,o,p,i
397,animemes,t,o,p,i
398,animegifs,t,o,p,i
399,animewallpaper,t,o,p,i
400,wholesomeanimemes,t,o,p,i
401,Books,t,o,p,i
402,WritingPrompts,t,o,p,i
403,writing,t,o,p,i
404,literature,t,o,p,i
405,booksuggestions,t,o,p,i
406,lifeofnorman,t,o,p,i
407,poetry,t,o,p,i
408,screenwriting,t,o,p,i
409,freeEbooks,t,o,p,i
410,boottoobig,t,o,p,i
411,hfy,t,o,p,i
412,suggestmeabook,t,o,p,i
413,lovecraft,t,o,p,i
414,celebs,t,o,p,i
415,celebhub,t,o,p,i
416,cosplay,t,o,p,i
417,cosplaygirls,t,o,p,i
418,lego,t,o,p,i
419,boardgames,t,o,p,i
420,rpg,t,o,p,i
421,chess,t,o,p,i
422,poker,t,o,p,i
423,jrpg,t,o,p,i
424,entertainment,t,o,p,i
425,fantheories,t,o,p,i
426,Disney,t,o,p,i
427,obscuremedia,t,o,p,i
428,zombies,t,o,p,i
429,cyberpunk,t,o,p,i
430,InternetIsBeautiful,t,o,p,i
431,facepalm,t,o,p,i
432,wikipedia,t,o,p,i
433,creepyPMs,t,o,p,i
434,web_design,t,o,p,i
435,google,t,o,p,i
436,KenM,t,o,p,i
437,bannedfromclubpenguin,t,o,p,i
438,savedyouaclick,t,o,p,i
439,bestofworldstar,t,o,p,i
440,discordapp,t,o,p,i
441,snaplenses,t,o,p,i
442,tronix,t,o,p,i
443,instagramreality,t,o,p,i
444,internetstars,t,o,p,i
445,robinhood,t,o,p,i
446,shortcuts,t,o,p,i
447,scams,t,o,p,i
448,tiktokcringe,t,o,p,i
449,crackheadcraigslist,t,o,p,i
450,movies,t,o,p,i
451,documentaries,t,o,p,i
452,fullmoviesonyoutube,t,o,p,i
453,truefilm,t,o,p,i
454,bollywoodrealism,t,o,p,i
455,moviedetails,t,o,p,i
456,moviesinthemaking,t,o,p,i
457,fullmoviesonvimeo,t,o,p,i
458,continuityporn,t,o,p,i
459,ghibli,t,o,p,i
460,cinematography,t,o,p,i
461,shittymoviedetails,t,o,p,i
462,moviescirclejerk,t,o,p,i
463,music,t,o,p,i
464,listentothis,t,o,p,i
465,WeAreTheMusicMakers,t,o,p,i
466,mashups,t,o,p,i
467,vinyl,t,o,p,i
468,futurebeats,t,o,p,i
469,musictheory,t,o,p,i
470,guitarlessons,t,o,p,i
471,spotify,t,o,p,i
472,fakealbumcovers,t,o,p,i
473,ableton,t,o,p,i
474,sports,t,o,p,i
475,running,t,o,p,i
476,bicycling,t,o,p,i
477,golf,t,o,p,i
478,fishing,t,o,p,i
479,skiing,t,o,p,i
480,sportsarefun,t,o,p,i
481,tennis,t,o,p,i
482,rugbyunion,t,o,p,i
483,discgolf,t,o,p,i
484,cricket,t,o,p,i
485,sailing,t,o,p,i
486,Television,t,o,p,i
487,marvelstudios,t,o,p,i
488,japanesegameshows,t,o,p,i
489,shield,t,o,p,i
490,cordcutters,t,o,p,i
491,offlinetv,t,o,p,i
492,tvdetails,t,o,p,i
493,gaming,t,o,p,i
494,Games,t,o,p,i
495,outside,t,o,p,i
496,truegaming,t,o,p,i
497,gamernews,t,o,p,i
498,gamephysics,t,o,p,i
499,webgames,t,o,p,i
500,IndieGaming,t,o,p,i
501,patientgamers,t,o,p,i
502,AndroidGaming,t,o,p,i
503,randomactsofgaming,t,o,p,i
504,speedrun,t,o,p,i
505,gamemusic,t,o,p,i
506,emulation,t,o,p,i
507,MMORPG,t,o,p,i
508,gamecollecting,t,o,p,i
509,hitboxporn,t,o,p,i
510,gamingcirclejerk,t,o,p,i
511,gamersriseup,t,o,p,i
512,gamingdetails,t,o,p,i
513,gaming4gamers,t,o,p,i
514,retrogaming,t,o,p,i
515,itemshop,t,o,p,i
516,gifs,t,o,p,i
517,behindthegifs,t,o,p,i
518,gif,t,o,p,i
519,Cinemagraphs,t,o,p,i
520,WastedGifs,t,o,p,i
521,educationalgifs,t,o,p,i
522,perfectloops,t,o,p,i
523,highqualitygifs,t,o,p,i
524,gifsound,t,o,p,i
525,combinedgifs,t,o,p,i
526,retiredgif,t,o,p,i
527,michaelbaygifs,t,o,p,i
528,gifrecipes,t,o,p,i
529,mechanical_gifs,t,o,p,i
530,bettereveryloop,t,o,p,i
531,gifextra,t,o,p,i
532,slygifs,t,o,p,i
533,gifsthatkeepongiving,t,o,p,i
534,wholesomegifs,t,o,p,i
535,noisygifs,t,o,p,i
536,brokengifs,t,o,p,i
537,loadingicon,t,o,p,i
538,splitdepthgifs,t,o,p,i
539,pics,t,o,p,i
540,PhotoshopBattles,t,o,p,i
541,perfecttiming,t,o,p,i
542,itookapicture,t,o,p,i
543,Pareidolia,t,o,p,i
544,ExpectationVSReality,t,o,p,i
545,dogpictures,t,o,p,i
546,misleadingthumbnails,t,o,p,i
547,FifthWorldPics,t,o,p,i
548,TheWayWeWere,t,o,p,i
549,pic,t,o,p,i
550,nocontextpics,t,o,p,i
551,miniworlds,t,o,p,i
552,foundpaper,t,o,p,i
553,images,t,o,p,i
554,screenshots,t,o,p,i
555,videos,t,o,p,i
556,youtubehaiku,t,o,p,i
557,artisanvideos,t,o,p,i
558,DeepIntoYouTube,t,o,p,i
559,nottimanderic,t,o,p,i
560,praisethecameraman,t,o,p,i
561,killthecameraman,t,o,p,i
562,perfectlycutscreams,t,o,p,i
563,donthelpjustfilm,t,o,p,i
564,abruptchaos,t,o,p,i
565,aquariums,t,o,p,i
566,plantedtank,t,o,p,i
567,art,t,o,p,i
568,Drawing,t,o,p,i
569,crafts,t,o,p,i
570,alternativeart,t,o,p,i
571,sketchdaily,t,o,p,i
572,artporn,t,o,p,i
573,glitch_art,t,o,p,i
574,coloringcorruptions,t,o,p,i
575,restofthefuckingowl,t,o,p,i
576,DisneyVacation,t,o,p,i
577,illustration,t,o,p,i
578,cars,t,o,p,i
579,motorcycles,t,o,p,i
580,carporn,t,o,p,i
581,justrolledintotheshop,t,o,p,i
582,idiotsincars,t,o,p,i
583,Shitty_Car_Mods,t,o,p,i
584,autos,t,o,p,i
585,roadcam,t,o,p,i
586,AutoDetailing,t,o,p,i
587,awesomecarmods,t,o,p,i
588,projectcar,t,o,p,i
589,cartalk,t,o,p,i
590,tiresaretheenemy,t,o,p,i
591,roadtrip,t,o,p,i
592,convenientcop,t,o,p,i
593,dashcamgifs,t,o,p,i
594,trucks,t,o,p,i
595,roastmycar,t,o,p,i
596,CrappyDesign,t,o,p,i
597,web_design,t,o,p,i
598,graphic_design,t,o,p,i
599,design,t,o,p,i
600,designporn,t,o,p,i
601,InteriorDesign,t,o,p,i
602,ATBGE,t,o,p,i
603,dontdeadopeninside,t,o,p,i
604,assholedesign,t,o,p,i
605,keming,t,o,p,i
606,logodesign,t,o,p,i
607,tombstoning,t,o,p,i
608,dangerousdesign,t,o,p,i
609,actlikeyoubelong,t,o,p,i
610,irlsmurfing,t,o,p,i
611,DIY,t,o,p,i
612,cosplay,t,o,p,i
613,woodworking,t,o,p,i
614,somethingimade,t,o,p,i
615,architecture,t,o,p,i
616,CoolGuides,t,o,p,i
617,WorldBuilding,t,o,p,i
618,ifyoulikeblank,t,o,p,i
619,DiWHY,t,o,p,i
620,knitting,t,o,p,i
621,sewing,t,o,p,i
622,modelmakers,t,o,p,i
623,crochet,t,o,p,i
624,ProtectAndServe,t,o,p,i
625,RTLSDR,t,o,p,i
626,digitalnomad,t,o,p,i
627,FastWorkers,t,o,p,i
628,accounting,t,o,p,i
629,preppers,t,o,p,i
630,redneckengineering,t,o,p,i
631,crossstitch,t,o,p,i
632,dumpsterdiving,t,o,p,i
633,gunpla,t,o,p,i
634,urbanplanning,t,o,p,i
635,cubers,t,o,p,i
636,blacksmith,t,o,p,i
637,toptalent,t,o,p,i
638,slavelabour,t,o,p,i
639,Jobs,t,o,p,i
640,forhire,t,o,p,i
641,cscareerquestions,t,o,p,i
642,workonline,t,o,p,i
643,guitar,t,o,p,i
644,WeAreTheMusicMakers,t,o,p,i
645,edmproduction,t,o,p,i
646,piano,t,o,p,i
647,ableton,t,o,p,i
648,drums,t,o,p,i
649,FL_Studio,t,o,p,i
650,urbanexploration,t,o,p,i
651,survival,t,o,p,i
652,backpacking,t,o,p,i
653,camping,t,o,p,i
654,homestead,t,o,p,i
655,MTB,t,o,p,i
656,outdoors,t,o,p,i
657,wildernessbackpacking,t,o,p,i
658,campinggear,t,o,p,i
659,bushcraft,t,o,p,i
660,photography,t,o,p,i
661,itookapicture,t,o,p,i
662,Filmmakers,t,o,p,i
663,astrophotography,t,o,p,i
664,analog,t,o,p,i
665,photocritique,t,o,p,i
666,postprocessing,t,o,p,i
667,aviation,t,o,p,i
668,flying,t,o,p,i
669,sysadmin,t,o,p,i
670,engineering,t,o,p,i
671,compsci,t,o,p,i
672,webdev,t,o,p,i
673,programmerhumor,t,o,p,i
674,graphic_design,t,o,p,i
675,mechanicalkeyboards,t,o,p,i
676,reverseengineering,t,o,p,i
677,itsaunixsystem,t,o,p,i
678,plex,t,o,p,i
679,multicopter,t,o,p,i
680,programminghorror,t,o,p,i
681,watches,t,o,p,i
682,lockpicking,t,o,p,i
683,knives,t,o,p,i
684,specializedtools,t,o,p,i
685,knifeclub,t,o,p,i
686,travel,t,o,p,i
687,solotravel,t,o,p,i
688,japantravel,t,o,p,i
689,shoestring,t,o,p,i
690,funny,t,o,p,i
691,humor,t,o,p,i
692,contagiouslaughter,t,o,p,i
693,standupcomedy,t,o,p,i
694,ProgrammerHumor,t,o,p,i
695,prematurecelebration,t,o,p,i
696,ChildrenFallingOver,t,o,p,i
697,dadreflexes,t,o,p,i
698,kenm,t,o,p,i
699,politicalhumor,t,o,p,i
700,accidentalcomedy,t,o,p,i
701,funnyandsad,t,o,p,i
702,kidsarefuckingstupid,t,o,p,i
703,notkenm,t,o,p,i
704,suspiciouslyspecific,t,o,p,i
705,oddlyspecific,t,o,p,i
706,rimjob_steve,t,o,p,i
707,dark_humor,t,o,p,i
708,stepdadreflexes,t,o,p,i
709,congratslikeimfive,t,o,p,i
710,darkhumorandmemes,t,o,p,i
711,Demotivational,t,o,p,i
712,lolcats,t,o,p,i
713,supershibe,t,o,p,i
714,copypasta,t,o,p,i
715,emojipasta,t,o,p,i
716,teenagers,t,o,p,i
717,introvert,t,o,p,i
718,ADHD,t,o,p,i
719,totallynotrobots,t,o,p,i
720,polyamory,t,o,p,i
721,teachers,t,o,p,i
722,aliensamongus,t,o,p,i
723,neverbrokeabone,t,o,p,i
724,bipolar,t,o,p,i
725,GetMotivated,t,o,p,i
726,health,t,o,p,i
727,ZenHabits,t,o,p,i
728,motivation,t,o,p,i
729,food,t,o,p,i
730,FoodPorn,t,o,p,i
731,foodhacks,t,o,p,i
732,shittyfoodporn,t,o,p,i
733,eatsandwiches,t,o,p,i
734,nutrition,t,o,p,i
735,mealtimevideos,t,o,p,i
736,WeWantPlates,t,o,p,i
737,forbiddensnacks,t,o,p,i
738,seriouseats,t,o,p,i
739,spicy,t,o,p,i
740,LifeProTips,t,o,p,i
741,lifehacks,t,o,p,i
742,geek,t,o,p,i
743,EDC,t,o,p,i
744,simpleliving,t,o,p,i
745,tinyhouses,t,o,p,i
746,rainmeter,t,o,p,i
747,vandwellers,t,o,p,i
748,UnethicalLifeProTips,t,o,p,i
749,vagabond,t,o,p,i
750,illegallifeprotips,t,o,p,i
751,PersonalFinance,t,o,p,i
752,Entrepreneur,t,o,p,i
753,beermoney,t,o,p,i
754,startups,t,o,p,i
755,finance,t,o,p,i
756,economy,t,o,p,i
757,financialindependence,t,o,p,i
758,apphookup,t,o,p,i
759,churning,t,o,p,i
760,realestate,t,o,p,i
761,flipping,t,o,p,i
762,antimlm,t,o,p,i
763,ripple,t,o,p,i
764,Iota,t,o,p,i
765,stellar,t,o,p,i
766,personalfinancecanada,t,o,p,i
767,socialskills,t,o,p,i
768,socialengineering,t,o,p,i
769,weddingplanning,t,o,p,i
770,Psychonaut,t,o,p,i
771,Buddhism,t,o,p,i
772,Stoicism,t,o,p,i
773,occult,t,o,p,i
774,GetMotivated,t,o,p,i
775,QuotesPorn,t,o,p,i
776,getdisciplined,t,o,p,i
777,happy,t,o,p,i
778,productivity,t,o,p,i
779,DecidingToBeBetter,t,o,p,i
780,mademesmile,t,o,p,i
781,selfimprovement,t,o,p,i
782,iwantout,t,o,p,i
783,humansbeingbros,t,o,p,i
784,happycrowds,t,o,p,i
785,sportsarefun,t,o,p,i
786,GetStudying,t,o,p,i
787,motivation,t,o,p,i
788,gatesopencomeonin,t,o,p,i
789,AsianHotties,t,o,p,i
790,AsiansGoneWild,t,o,p,i
791,realasians,t,o,p,i
792,juicyasians,t,o,p,i
793,AsianNSFW,t,o,p,i
794,nextdoorasians,t,o,p,i
795,asianporn,t,o,p,i
796,bustyasians,t,o,p,i
797,paag,t,o,p,i
798,ass,t,o,p,i
799,asstastic,t,o,p,i
800,facedownassup,t,o,p,i
801,assinthong,t,o,p,i
802,bigasses,t,o,p,i
803,buttplug,t,o,p,i
804,TheUnderbun,t,o,p,i
805,booty,t,o,p,i
806,pawg,t,o,p,i
807,paag,t,o,p,i
808,cutelittlebutts,t,o,p,i
809,hipcleavage,t,o,p,i
810,frogbutt,t,o,p,i
811,HungryButts,t,o,p,i
812,cottontails,t,o,p,i
813,lovetowatchyouleave,t,o,p,i
814,celebritybutts,t,o,p,i
815,cosplaybutts,t,o,p,i
816,whooties,t,o,p,i
817,booty_queens,t,o,p,i
818,twerking,t,o,p,i
819,volleyballgirls,t,o,p,i
820,Ohlympics,t,o,p,i
821,bikinis,t,o,p,i
822,bikinibridge,t,o,p,i
823,bigtitsinbikinis,t,o,p,i
824,boobies,t,o,p,i
825,TittyDrop,t,o,p,i
826,boltedontits,t,o,p,i
827,boobbounce,t,o,p,i
828,boobs,t,o,p,i
829,downblouse,t,o,p,i
830,homegrowntits,t,o,p,i
831,cleavage,t,o,p,i
832,breastenvy,t,o,p,i
833,youtubetitties,t,o,p,i
834,torpedotits,t,o,p,i
835,thehangingboobs,t,o,p,i
836,page3glamour,t,o,p,i
837,fortyfivefiftyfive,t,o,p,i
838,tits,t,o,p,i
839,amazingtits,t,o,p,i
840,titstouchingtits,t,o,p,i
841,Camwhores,t,o,p,i
842,camsluts,t,o,p,i
843,streamersgonewild,t,o,p,i
844,celebnsfw,t,o,p,i
845,WatchItForThePlot,t,o,p,i
846,nsfwcelebarchive,t,o,p,i
847,celebritypussy,t,o,p,i
848,oldschoolcoolNSFW,t,o,p,i
849,extramile,t,o,p,i
850,jerkofftocelebs,t,o,p,i
851,celebritybutts,t,o,p,i
852,onoffcelebs,t,o,p,i
853,celebswithbigtits,t,o,p,i
854,youtubersgonewild,t,o,p,i
855,rule34_comics,t,o,p,i
856,sex_comics,t,o,p,i
857,nsfwcosplay,t,o,p,i
858,nsfwcostumes,t,o,p,i
859,girlsinschooluniforms,t,o,p,i
860,cuckold,t,o,p,i
861,cuckquean,t,o,p,i
862,breeding,t,o,p,i
863,forcedcreampie,t,o,p,i
864,creampies,t,o,p,i
865,throatpies,t,o,p,i
866,FacialFun,t,o,p,i
867,cumonclothes,t,o,p,i
868,oralcreampie,t,o,p,i
869,creampie,t,o,p,i
870,gonewildcurvy,t,o,p,i
871,curvy,t,o,p,i
872,gonewildplus,t,o,p,i
873,thick,t,o,p,i
874,juicyasians,t,o,p,i
875,voluptuous,t,o,p,i
876,biggerthanyouthought,t,o,p,i
877,jigglefuck,t,o,p,i
878,chubby,t,o,p,i
879,SlimThick,t,o,p,i
880,massivetitsnass,t,o,p,i
881,thicker,t,o,p,i
882,thickthighs,t,o,p,i
883,tightsqueeze,t,o,p,i
884,casualjiggles,t,o,p,i
885,bbw,t,o,p,i
886,gonewildchubby,t,o,p,i
887,amazingcurves,t,o,p,i
888,suctiondildos,t,o,p,i
889,baddragon,t,o,p,i
890,WtSSTaDaMiT,t,o,p,i
891,tightdresses,t,o,p,i
892,upskirt,t,o,p,i
893,SchoolgirlSkirts,t,o,p,i
894,WomenOfColor,t,o,p,i
895,darkangels,t,o,p,i
896,blackchickswhitedicks,t,o,p,i
897,ebony,t,o,p,i
898,Afrodisiac,t,o,p,i
899,braceface,t,o,p,i
900,fitgirls,t,o,p,i
901,fitnakedgirls,t,o,p,i
902,ginger,t,o,p,i
903,redheads,t,o,p,i
904,GoneWild,t,o,p,i
905,PetiteGoneWild,t,o,p,i
906,gonewildstories,t,o,p,i
907,GoneWildTube,t,o,p,i
908,treesgonewild,t,o,p,i
909,gonewildaudio,t,o,p,i
910,tallgonewild,t,o,p,i
911,GWNerdy,t,o,p,i
912,gonemild,t,o,p,i
913,altgonewild,t,o,p,i
914,gifsgonewild,t,o,p,i
915,analgw,t,o,p,i
916,gonewildsmiles,t,o,p,i
917,onstageGW,t,o,p,i
918,RepressedGoneWild,t,o,p,i
919,bdsmgw,t,o,p,i
920,UnderwearGW,t,o,p,i
921,LabiaGW,t,o,p,i
922,TributeMe,t,o,p,i
923,WeddingsGoneWild,t,o,p,i
924,gwpublic,t,o,p,i
925,assholegonewild,t,o,p,i
926,leggingsgonewild,t,o,p,i
927,dykesgonewild,t,o,p,i
928,goneerotic,t,o,p,i
929,snapchatgw,t,o,p,i
930,gonewildhairy,t,o,p,i
931,gonewildtrans,t,o,p,i
932,gonwild,t,o,p,i
933,ratemynudebody,t,o,p,i
934,GirlswithNeonHair,t,o,p,i
935,shorthairchicks,t,o,p,i
936,blonde,t,o,p,i
937,hentai,t,o,p,i
938,hentai_gif,t,o,p,i
939,WesternHentai,t,o,p,i
940,hentai_irl,t,o,p,i
941,traphentai,t,o,p,i
942,hentaibondage,t,o,p,i
943,hugedicktinychick,t,o,p,i
944,amateurgirlsbigcocks,t,o,p,i
945,bbcsluts,t,o,p,i
946,latinas,t,o,p,i
947,latinasgw,t,o,p,i
948,latinacuties,t,o,p,i
949,girlsinyogapants,t,o,p,i
950,stockings,t,o,p,i
951,legs,t,o,p,i
952,tightshorts,t,o,p,i
953,TipOfMyPenis,t,o,p,i
954,pornID,t,o,p,i
955,milf,t,o,p,i
956,gonewild30plus,t,o,p,i
957,preggoporn,t,o,p,i
958,realmoms,t,o,p,i
959,agedbeauty,t,o,p,i
960,40plusgonewild,t,o,p,i
961,maturemilf,t,o,p,i
962,Bottomless_Vixens,t,o,p,i
963,tightshorts,t,o,p,i
964,tight_shorts,t,o,p,i
965,BustyPetite,t,o,p,i
966,dirtysmall,t,o,p,i
967,petitegonewild,t,o,p,i
968,xsmallgirls,t,o,p,i
969,funsized,t,o,p,i
970,hugedicktinychick,t,o,p,i
971,petite,t,o,p,i
972,skinnytail,t,o,p,i
973,facesitting,t,o,p,i
974,nsfw_plowcam,t,o,p,i
975,pronebone,t,o,p,i
976,facefuck,t,o,p,i
977,girlswhoride,t,o,p,i
978,remylacroix,t,o,p,i
979,Anjelica_Ebbi,t,o,p,i
980,BlancNoir,t,o,p,i
981,rileyreid,t,o,p,i
982,tessafowler,t,o,p,i
983,lilyivy,t,o,p,i
984,mycherrycrush,t,o,p,i
985,gillianbarnes,t,o,p,i
986,emilybloom,t,o,p,i
987,miamalkova,t,o,p,i
988,sashagrey,t,o,p,i
989,angelawhite,t,o,p,i
990,miakhalifa,t,o,p,i
991,alexapearl,t,o,p,i
992,missalice_18,t,o,p,i
993,lanarhoades,t,o,p,i
994,evalovia,t,o,p,i
995,GiannaMichaels,t,o,p,i
996,erinashford,t,o,p,i
997,sextrophies,t,o,p,i
998,sabrina_nichole,t,o,p,i
999,LiyaSilver,t,o,p,i
1000,MelissaDebling,t,o,p,i
1001,AdrianaChechik,t,o,p,i
1002,abelladanger,t,o,p,i
1003,pussy,t,o,p,i
1004,rearpussy,t,o,p,i
1005,innie,t,o,p,i
1006,simps,t,o,p,i
1007,pelfie,t,o,p,i
1008,LabiaGW,t,o,p,i
1009,godpussy,t,o,p,i
1010,presenting,t,o,p,i
1011,cameltoe,t,o,p,i
1012,hairypussy,t,o,p,i
1013,pantiestotheside,t,o,p,i
1014,breakingtheseal,t,o,p,i
1015,sarah_xxx,t,o,p,i
1016,dollywinks,t,o,p,i
1017,funsizedasian,t,o,p,i
1018,Kawaiiikitten,t,o,p,i
1019,legendarylootz,t,o,p,i
1020,sexyflowerwater,t,o,p,i
1021,keriberry_420,t,o,p,i
1022,justpeachyy,t,o,p,i
1023,hopelesssofrantic,t,o,p,i
1024,Hotchickswithtattoos,t,o,p,i
1025,sexyfrex,t,o,p,i
1026,tanlines,t,o,p,i
1027,oilporn,t,o,p,i
1028,ComplexionExcellence,t,o,p,i
1029,NSFW_Snapchat,t,o,p,i
1030,snapchat_sluts,t,o,p,i
1031,snapleaks,t,o,p,i
1032,socialmediasluts,t,o,p,i
1033,slutsofsnapchat,t,o,p,i
1034,stockings,t,o,p,i
1035,thighhighs,t,o,p,i
1036,leggingsgonewild,t,o,p,i
1037,legalteens,t,o,p,i
1038,collegesluts,t,o,p,i
1039,adorableporn,t,o,p,i
1040,legalteensXXX,t,o,p,i
1041,gonewild18,t,o,p,i
1042,18_19,t,o,p,i
1043,just18,t,o,p,i
1044,PornStarletHQ,t,o,p,i
1045,fauxbait,t,o,p,i
1046,barelylegalteens,t,o,p,i
1047,trashyboners,t,o,p,i
1048,flubtrash,t,o,p,i
1049,lingerie,t,o,p,i
1050,pantiestotheside,t,o,p,i
1051,overwatch_porn,t,o,p,i
1052,pokeporn,t,o,p,i
1053,bowsette,t,o,p,i
1054,rule34lol,t,o,p,i
1055,rule34overwatch,t,o,p,i
1056,SexyTummies,t,o,p,i
1057,theratio,t,o,p,i
1058,grool,t,o,p,i
1059,squirting,t,o,p,i
1060,palegirls,t,o,p,i
1061,pawg,t,o,p,i
1062,snowwhites,t,o,p,i
1063,whooties,t,o,p,i
1064,wifesharing,t,o,p,i
1065,hotwife,t,o,p,i
1066,wouldyoufuckmywife,t,o,p,i
1067,slutwife,t,o,p,i
1068,naughtywives,t,o,p,i
1069,conspiracy,t,o,p,i
1070,skeptic,t,o,p,i
1071,karmaconspiracy,t,o,p,i
1072,UFOs,t,o,p,i
1073,conspiratard,t,o,p,i
1074,empiredidnothingwrong,t,o,p,i
1075,scp,t,o,p,i
1076,birdsarentreal,t,o,p,i
1077,conspiracytheories,t,o,p,i
1078,cringepics,t,o,p,i
1079,cringe,t,o,p,i
1080,instant_regret,t,o,p,i
1081,blunderyears,t,o,p,i
1082,facepalm,t,o,p,i
1083,fatlogic,t,o,p,i
1084,publicfreakout,t,o,p,i
1085,actualpublicfreakouts,t,o,p,i
1086,lewronggeneration,t,o,p,i
1087,fellowkids,t,o,p,i
1088,sadcringe,t,o,p,i
1089,corporatefacepalm,t,o,p,i
1090,4PanelCringe,t,o,p,i
1091,amibeingdetained,t,o,p,i
1092,instantbarbarians,t,o,p,i
1093,watchpeopledieinside,t,o,p,i
1094,technicallythetruth,t,o,p,i
1095,accidentalracism,t,o,p,i
1096,engrish,t,o,p,i
1097,wokekids,t,o,p,i
1098,masterhacker,t,o,p,i
1099,cringetopia,t,o,p,i
1100,holup,t,o,p,i
1101,agedlikemilk,t,o,p,i
1102,tiktokcringe,t,o,p,i
1103,aww,t,o,p,i
1104,cats,t,o,p,i
1105,animalsbeingjerks,t,o,p,i
1106,animalsbeingbros,t,o,p,i
1107,Awwducational,t,o,p,i
1108,dogs,t,o,p,i
1109,corgi,t,o,p,i
1110,thisismylifenow,t,o,p,i
1111,blep,t,o,p,i
1112,eyebeach,t,o,p,i
1113,tippytaps,t,o,p,i
1114,awww,t,o,p,i
1115,babycorgis,t,o,p,i
1116,WTF,t,o,p,i
1117,DeepIntoYouTube,t,o,p,i
1118,fifthworldproblems,t,o,p,i
1119,awwwtf,t,o,p,i
1120,wellthatsucks,t,o,p,i
1121,streetfights,t,o,p,i
1122,yesyesyesyesno,t,o,p,i
1123,wtfstockphotos,t,o,p,i
1124,yesyesyesno,t,o,p,i
1125,maybemaybemaybe,t,o,p,i
1126,oddlyterrifying,t,o,p,i
1127,thatlookedexpensive,t,o,p,i
1128,wtfgaragesale,t,o,p,i
1129,Whatthefuckgetitoffme,t,o,p,i
1130,imsorryjon,t,o,p,i
1131,freebies,t,o,p,i
1132,fullmoviesonyoutube,t,o,p,i
1133,efreebies,t,o,p,i
1134,randomactsofgaming,t,o,p,i
1135,freeEbooks,t,o,p,i
1136,fullmoviesonvimeo,t,o,p,i
1137,freegamesonsteam,t,o,p,i
1138,googleplaydeals,t,o,p,i
1139,megalinks,t,o,p,i
1140,opendirectories,t,o,p,i
1141,Random_Acts_Of_Pizza,t,o,p,i
1142,coupons,t,o,p,i
1143,dealsreddit,t,o,p,i
1144,freegamefindings,t,o,p,i
1145,deals,t,o,p,i
1146,assistance,t,o,p,i
1147,free,t,o,p,i
1148,TrueReddit,t,o,p,i
1149,awesome,t,o,p,i
1150,MapPorn,t,o,p,i
1151,polandball,t,o,p,i
1152,vexillology,t,o,p,i
1153,holdmybeer,t,o,p,i
1154,holdmyjuicebox,t,o,p,i
1155,holdmyfries,t,o,p,i
1156,holdmybeaker,t,o,p,i
1157,holdmycosmo,t,o,p,i
1158,holdmycatnip,t,o,p,i
1159,holdmyredbull,t,o,p,i
1160,holdmyfeedingtube,t,o,p,i
1161,OutOfTheLoop,t,o,p,i
1162,nocontext,t,o,p,i
1163,tldr,t,o,p,i
1164,Enhancement,t,o,p,i
1165,SecretSanta,t,o,p,i
1166,MuseumOfReddit,t,o,p,i
1167,theoryofreddit,t,o,p,i
1168,threadkillers,t,o,p,i
1169,evenwithcontext,t,o,p,i
1170,beetlejuicing,t,o,p,i
1171,redditinreddit,t,o,p,i
1172,woahdude,t,o,p,i
1173,frisson,t,o,p,i
1174,asmr,t,o,p,i
1175,VaporwaveAesthetics,t,o,p,i
1176,glitchinthematrix,t,o,p,i
1177,earthporn,t,o,p,i
1178,hardcoreaww,t,o,p,i
1179,hitmanimals,t,o,p,i
1180,natureisfuckinglit,t,o,p,i
1181,heavyseas,t,o,p,i
1182,OldSchoolCool,t,o,p,i
1183,TheWayWeWere,t,o,p,i
1184,nostalgia,t,o,p,i
1185,vinyl,t,o,p,i
1186,forwardsfromgrandma,t,o,p,i
1187,oldphotosinreallife,t,o,p,i
1188,firstworldanarchists,t,o,p,i
1189,wheredidthesodago,t,o,p,i
1190,unexpectedthuglife,t,o,p,i
1191,youdontsurf,t,o,p,i
1192,montageparodies,t,o,p,i
1193,outside,t,o,p,i
1194,OSHA,t,o,p,i
1195,hailcorporate,t,o,p,i
1196,im14andthisisdeep,t,o,p,i
1197,bollywoodrealism,t,o,p,i
1198,AccidentalRenaissance,t,o,p,i
1199,maliciouscompliance,t,o,p,i
1200,fakehistoryporn,t,o,p,i
1201,coaxedintoasnafu,t,o,p,i
1202,irleastereggs,t,o,p,i
1203,EarthPorn,t,o,p,i
1204,HistoryPorn,t,o,p,i
1205,FoodPorn,t,o,p,i
1206,JusticePorn,t,o,p,i
1207,AbandonedPorn,t,o,p,i
1208,SpacePorn,t,o,p,i
1209,RoomPorn,t,o,p,i
1210,QuotesPorn,t,o,p,i
1211,MapPorn,t,o,p,i
1212,CityPorn,t,o,p,i
1213,carporn,t,o,p,i
1214,humanporn,t,o,p,i
1215,penmanshipporn,t,o,p,i
1216,militaryporn,t,o,p,i
1217,DesignPorn,t,o,p,i
1218,ThingsCutInHalfPorn,t,o,p,i
1219,ArchitecturePorn,t,o,p,i
1220,ExposurePorn,t,o,p,i
1221,futureporn,t,o,p,i
1222,adrenalineporn,t,o,p,i
1223,waterporn,t,o,p,i
1224,machineporn,t,o,p,i
1225,animalporn,t,o,p,i
1226,movieposterporn,t,o,p,i
1227,illusionporn,t,o,p,i
1228,destructionporn,t,o,p,i
1229,adporn,t,o,p,i
1230,artefactporn,t,o,p,i
1231,gunporn,t,o,p,i
1232,skyporn,t,o,p,i
1233,powerwashingporn,t,o,p,i
1234,ArtPorn,t,o,p,i
1235,InfrastructurePorn,t,o,p,i
1236,VillagePorn,t,o,p,i
1237,shockwaveporn,t,o,p,i
1238,productporn,t,o,p,i
1239,macroporn,t,o,p,i
1240,cabinporn,t,o,p,i
1241,houseporn,t,o,p,i
1242,mineralporn,t,o,p,i
1243,microporn,t,o,p,i
1244,shittyaskscience,t,o,p,i
1245,shittyfoodporn,t,o,p,i
1246,shittyreactiongifs,t,o,p,i
1247,crappydesign,t,o,p,i
1248,Shitty_Car_Mods,t,o,p,i
1249,shittyadvice,t,o,p,i
1250,shittyrobots,t,o,p,i
1251,ShittyLifeProTips,t,o,p,i
1252,shittykickstarters,t,o,p,i
1253,shittyanimalfacts,t,o,p,i
1254,shitpost,t,o,p,i
1255,shittymoviedetails,t,o,p,i
1256,unexpected,t,o,p,i
1257,UnexpectedThugLife,t,o,p,i
1258,misleadingthumbnails,t,o,p,i
1259,unexpectedjihad,t,o,p,i
1260,slygifs,t,o,p,i
1261,blackmagicfuckery,t,o,p,i
1262,unexpectedhogwarts,t,o,p,i
1263,UnexpectedMulaney,t,o,p,i
1264,AbandonedPorn,t,o,p,i
1265,OddlySatisfying,t,o,p,i
1266,RoomPorn,t,o,p,i
1267,nonononoyes,t,o,p,i
1268,minimalism,t,o,p,i
1269,CityPorn,t,o,p,i
1270,penmanshipporn,t,o,p,i
1271,Cinemagraphs,t,o,p,i
1272,ImaginaryLandscapes,t,o,p,i
1273,eyebleach,t,o,p,i
1274,DesignPorn,t,o,p,i
1275,perfectloops,t,o,p,i
1276,perfectfit,t,o,p,i
1277,humansbeingbros,t,o,p,i
1278,powerwashingporn,t,o,p,i
1279,nevertellmetheodds,t,o,p,i
1280,typography,t,o,p,i
1281,cozyplaces,t,o,p,i
1282,breathinginformation,t,o,p,i
1283,desirepath,t,o,p,i
1284,tiltshift,t,o,p,i
1285,mostbeautiful,t,o,p,i
1286,AmateurRoomPorn,t,o,p,i
1287,slygifs,t,o,p,i
1288,raining,t,o,p,i
1289,AccidentalWesAnderson,t,o,p,i
1290,unstirredpaint,t,o,p,i
1291,handwriting,t,o,p,i
1292,thatpeelingfeeling,t,o,p,i
1293,gtage,t,o,p,i
1294,satisfyingasfuck,t,o,p,i
1295,fiftyfifty,t,o,p,i
1296,firstworldproblems,t,o,p,i
1297,idiotsfightingthings,t,o,p,i
1298,whatsinthisthing,t,o,p,i
1299,notinteresting,t,o,p,i
1300,fifthworldpics,t,o,p,i
1301,drunkorakid,t,o,p,i
1302,pussypassdenied,t,o,p,i
1303,UNBGBBIIVCHIDCTIICBG,t,o,p,i
1304,Justfuckmyshitup,t,o,p,i
1305,BestOfStreamingVideo,t,o,p,i
1306,CatastrophicFailure,t,o,p,i
1307,evilbuildings,t,o,p,i
1308,urbanhell,t,o,p,i
1309,justiceserved,t,o,p,i
1310,mypeopleneedme,t,o,p,i
1311,notmyjob,t,o,p,i
1312,onejob,t,o,p,i
1313,sweatypalms,t,o,p,i
1314,therewasanattempt,t,o,p,i
1315,bitchimabus,t,o,p,i
1316,greendawn,t,o,p,i
1317,thingsforants,t,o,p,i
1318,youseeingthisshit,t,o,p,i
1319,hmmm,t,o,p,i
1320,hadtohurt,t,o,p,i
1321,MandelaEffect,t,o,p,i
1322,mildlypenis,t,o,p,i
1323,redditdayof,t,o,p,i
1324,instantkarma,t,o,p,i
1325,2healthbars,t,o,p,i
1326,collapse,t,o,p,i
1327,slavs_squatting,t,o,p,i
1328,confusing_perspective,t,o,p,i
1329,the_pack,t,o,p,i
1330,unpopularopinion,t,o,p,i
1331,okbuddyretard,t,o,p,i
1332,nextfuckinglevel,t,o,p,i
1333,ooer,t,o,p,i
1334,happycryingdads,t,o,p,i
1335,FullScorpion,t,o,p,i
1336,instantregret,t,o,p,i
1337,MildlyVandalised,t,o,p,i
1338,watchpeoplesurvive,t,o,p,i
1339,tendies,t,o,p,i
1340,dontputyourdickinthat,t,o,p,i
1341,whatintarnation,t,o,p,i
1342,tworedditorsonecup,t,o,p,i
1343,ExpandDong,t,o,p,i
1344,wackytictacs,t,o,p,i
1345,halloween,t,o,p,i
1346,whatcouldgoright,t,o,p,i
1347,hmmmgifs,t,o,p,i
1348,bizarrebuildings,t,o,p,i
1349,inclusiveor,t,o,p,i
1350,lostgeneration,t,o,p,i
1351,kurzgesagt,t,o,p,i
1352,boop,t,o,p,i
1353,fightporn,t,o,p,i
1354,tooktoomuch,t,o,p,i
1355,humansaremetal,t,o,p,i
1356,theyknew,t,o,p,i
1357,fbiopenup,t,o,p,i
1358,fuckyouinparticular,t,o,p,i
1359,idiotsnearlydying,t,o,p,i
1360,AAAAAAAAAAAAAAAAA,t,o,p,i
1361,chaoticgood,t,o,p,i
1362,prisonwallet,t,o,p,i
1363,3Dprinting,t,o,p,i
1364,functionalprint,t,o,p,i
1365,nintendo,t,o,p,i
1366,spacex,t,o,p,i
1367,nasa,t,o,p,i
1368,amd,t,o,p,i
1369,nvidia,t,o,p,i
1370,photoshop,t,o,p,i
1371,firefox,t,o,p,i
1372,dataisbeautiful,t,o,p,i
1373,DataHoarder,t,o,p,i
1374,datascience,t,o,p,i
1375,Bitcoin,t,o,p,i
1376,dogecoin,t,o,p,i
1377,CryptoCurrency,t,o,p,i
1378,ethereum,t,o,p,i
1379,ethtrader,t,o,p,i
1380,btc,t,o,p,i
1381,litecoin,t,o,p,i
1382,bitcoinmarkets,t,o,p,i
1383,cryptomarkets,t,o,p,i
1384,monero,t,o,p,i
1385,neo,t,o,p,i
1386,programming,t,o,p,i
1387,learnprogramming,t,o,p,i
1388,python,t,o,p,i
1389,java,t,o,p,i
1390,javascript,t,o,p,i
1391,learnpython,t,o,p,i
1392,excel,t,o,p,i
1393,unity3d,t,o,p,i
1394,reactjs,t,o,p,i
1395,audiophile,t,o,p,i
1396,headphones,t,o,p,i
1397,audioengineering,t,o,p,i
1398,cats,t,o,p,i
1399,startledcats,t,o,p,i
1400,catpictures,t,o,p,i
1401,catsstandingup,t,o,p,i
1402,catpranks,t,o,p,i
1403,meow_irl,t,o,p,i
1404,holdmycatnip,t,o,p,i
1405,catslaps,t,o,p,i
1406,thecatdimension,t,o,p,i
1407,babybigcatgifs,t,o,p,i
1408,catloaf,t,o,p,i
1409,thisismylifemeow,t,o,p,i
1410,cattaps,t,o,p,i
1411,teefies,t,o,p,i
1412,tuckedinkitties,t,o,p,i
1413,catsareassholes,t,o,p,i
1414,catsisuottatfo,t,o,p,i
1415,stuffoncats,t,o,p,i
1416,bigcatgifs,t,o,p,i
1417,jellybeantoes,t,o,p,i
1418,catsareliquid,t,o,p,i
1419,catgifs,t,o,p,i
1420,blackcats,t,o,p,i
1421,supermodelcats,t,o,p,i
1422,chonkers,t,o,p,i
1423,tightpussy,t,o,p,i
1424,catswithjobs,t,o,p,i
1425,catswhoyell,t,o,p,i
1426,whatswrongwithyourcat,t,o,p,i
1427,illegallysmolcats,t,o,p,i
1428,dogs,t,o,p,i
1429,dogpictures,t,o,p,i
1430,dogtraining,t,o,p,i
1431,woof_irl,t,o,p,i
1432,WhatsWrongWithYourDog,t,o,p,i
1433,dogberg,t,o,p,i
1434,dogswithjobs,t,o,p,i
1435,masterreturns,t,o,p,i
1436,barkour,t,o,p,i
1437,blop,t,o,p,i
1438,puppysmiles,t,o,p,i
1439,puppies,t,o,p,i
1440,petthedamndog,t,o,p,i
1441,askwomen,t,o,p,i
1442,askmen,t,o,p,i
1443,askgaybros,t,o,p,i
1444,askredditafterdark,t,o,p,i
1445,asktransgender,t,o,p,i
1446,askmenover30,t,o,p,i
1447,talesfromtechsupport,t,o,p,i
1448,talesfromretail,t,o,p,i
1449,techsupportmacgyver,t,o,p,i
1450,idontworkherelady,t,o,p,i
1451,TalesFromYourServer,t,o,p,i
1452,KitchenConfidential,t,o,p,i
1453,TalesFromThePizzaGuy,t,o,p,i
1454,TalesFromTheFrontDesk,t,o,p,i
1455,talesfromthecustomer,t,o,p,i
1456,talesfromcallcenters,t,o,p,i
1457,talesfromthesquadcar,t,o,p,i
1458,talesfromthepharmacy,t,o,p,i
1459,starbucks,t,o,p,i
1460,pettyrevenge,t,o,p,i
1461,prorevenge,t,o,p,i
1462,nuclearrevenge,t,o,p,i
1463,nosleep,t,o,p,i
1464,LetsNotMeet,t,o,p,i
1465,Glitch_in_the_Matrix,t,o,p,i
1466,shortscarystories,t,o,p,i
1467,thetruthishere,t,o,p,i
1468,UnresolvedMysteries,t,o,p,i
1469,UnsolvedMysteries,t,o,p,i
1470,painting,t,o,p,i
1471,minipainting,t,o,p,i
1472,place,t,o,p,i
1473,breadstapledtotrees,t,o,p,i
1474,chairsunderwater,t,o,p,i
1475,python,t,o,p,i
1476,learnpython,t,o,p,i
1477,business,t,o,p,i
1478,smallbusiness,t,o,p,i
1479,stocks,t,o,p,i
1480,wallstreetbets,t,o,p,i
1481,stockmarket,t,o,p,i
1482,todayilearned,t,o,p,i
1483,wikipedia,t,o,p,i
1484,OutOfTheLoop,t,o,p,i
1485,IWantToLearn,t,o,p,i
1486,HistoryPorn,t,o,p,i
1487,PropagandaPosters,t,o,p,i
1488,TheWayWeWere,t,o,p,i
1489,historymemes,t,o,p,i
1490,castles,t,o,p,i
1491,Space,t,o,p,i
1492,SpacePorn,t,o,p,i
1493,astronomy,t,o,p,i
1494,astrophotography,t,o,p,i
1495,aliens,t,o,p,i
1496,rockets,t,o,p,i
1497,biology,t,o,p,i
1498,Awwducational,t,o,p,i
1499,chemicalreactiongifs,t,o,p,i
1500,chemistry,t,o,p,i
1501,physics,t,o,p,i
1502,pokemon,t,o,p,i
1503,onepiece,t,o,p,i
1504,naruto,t,o,p,i
1505,dbz,t,o,p,i
1506,onepunchman,t,o,p,i
1507,ShingekiNoKyojin,t,o,p,i
1508,yugioh,t,o,p,i
1509,BokuNoHeroAcademia,t,o,p,i
1510,DDLC,t,o,p,i
1511,berserk,t,o,p,i
1512,hunterxhunter,t,o,p,i
1513,tokyoghoul,t,o,p,i
1514,shitpostcrusaders,t,o,p,i
1515,comics,t,o,p,i
1516,comicbooks,t,o,p,i
1517,polandball,t,o,p,i
1518,marvel,t,o,p,i
1519,webcomics,t,o,p,i
1520,bertstrips,t,o,p,i
1521,marvelstudios,t,o,p,i
1522,defenders,t,o,p,i
1523,marvelmemes,t,o,p,i
1524,avengers,t,o,p,i
1525,harrypotter,t,o,p,i
1526,batman,t,o,p,i
1527,calvinandhobbes,t,o,p,i
1528,xkcd,t,o,p,i
1529,DCComics,t,o,p,i
1530,arrow,t,o,p,i
1531,unexpectedhogwarts,t,o,p,i
1532,spiderman,t,o,p,i
1533,deadpool,t,o,p,i
1534,KingkillerChronicle,t,o,p,i
1535,onetruegod,t,o,p,i
1536,joerogan,t,o,p,i
1537,keanubeingawesome,t,o,p,i
1538,crewscrew,t,o,p,i
1539,donaldglover,t,o,p,i
1540,elonmusk,t,o,p,i
1541,DnD,t,o,p,i
1542,DnDGreentext,t,o,p,i
1543,DnDBehindTheScreen,t,o,p,i
1544,dndnext,t,o,p,i
1545,dungeonsanddragons,t,o,p,i
1546,criticalrole,t,o,p,i
1547,DMAcademy,t,o,p,i
1548,dndmemes,t,o,p,i
1549,magicTCG,t,o,p,i
1550,modernmagic,t,o,p,i
1551,magicarena,t,o,p,i
1552,fantasy,t,o,p,i
1553,scifi,t,o,p,i
1554,starwars,t,o,p,i
1555,startrek,t,o,p,i
1556,asksciencefiction,t,o,p,i
1557,prequelmemes,t,o,p,i
1558,empiredidnothingwrong,t,o,p,i
1559,SequelMemes,t,o,p,i
1560,sciencefiction,t,o,p,i
1561,4chan,t,o,p,i
1562,Classic4chan,t,o,p,i
1563,greentext,t,o,p,i
1564,facepalm,t,o,p,i
1565,oldpeoplefacebook,t,o,p,i
1566,facebookwins,t,o,p,i
1567,indianpeoplefacebook,t,o,p,i
1568,terriblefacebookmemes,t,o,p,i
1569,insanepeoplefacebook,t,o,p,i
1570,Tinder,t,o,p,i
1571,OkCupid,t,o,p,i
1572,KotakuInAction,t,o,p,i
1573,wikileaks,t,o,p,i
1574,shitcosmosays,t,o,p,i
1575,twitch,t,o,p,i
1576,livestreamfail,t,o,p,i
1577,serialpodcast,t,o,p,i
1578,podcasts,t,o,p,i
1579,tumblrinaction,t,o,p,i
1580,tumblr,t,o,p,i
1581,blackpeopletwitter,t,o,p,i
1582,scottishpeopletwitter,t,o,p,i
1583,WhitePeopleTwitter,t,o,p,i
1584,wholesomebpt,t,o,p,i
1585,latinopeopletwitter,t,o,p,i
1586,roosterteeth,t,o,p,i
1587,funhaus,t,o,p,i
1588,rwby,t,o,p,i
1589,cowchop,t,o,p,i
1590,starwars,t,o,p,i
1591,harrypotter,t,o,p,i
1592,lotr,t,o,p,i
1593,lotrmemes,t,o,p,i
1594,otmemes,t,o,p,i
1595,kanye,t,o,p,i
1596,radiohead,t,o,p,i
1597,KendrickLamar,t,o,p,i
1598,gorillaz,t,o,p,i
1599,frankocean,t,o,p,i
1600,donaldglover,t,o,p,i
1601,eminem,t,o,p,i
1602,brockhampton,t,o,p,i
1603,beatles,t,o,p,i
1604,deathgrips,t,o,p,i
1605,pinkfloyd,t,o,p,i
1606,spop,t,o,p,i
1607,kpop,t,o,p,i
1608,funkopop,t,o,p,i
1609,popheads,t,o,p,i
1610,guitar,t,o,p,i
1611,piano,t,o,p,i
1612,bass,t,o,p,i
1613,drums,t,o,p,i
1614,nfl,t,o,p,i
1615,CFB,t,o,p,i
1616,fantasyfootball,t,o,p,i
1617,nflstreams,t,o,p,i
1618,baseball,t,o,p,i
1619,mlb,t,o,p,i
1620,fantasybaseball,t,o,p,i
1621,warriors,t,o,p,i
1622,lakers,t,o,p,i
1623,bostonceltics,t,o,p,i
1624,torontoraptors,t,o,p,i
1625,sixers,t,o,p,i
1626,chicagobulls,t,o,p,i
1627,skateboarding,t,o,p,i
1628,snowboarding,t,o,p,i
1629,longboarding,t,o,p,i
1630,formula1,t,o,p,i
1631,Nascar,t,o,p,i
1632,MMA,t,o,p,i
1633,squaredcircle,t,o,p,i
1634,theocho,t,o,p,i
1635,ufc,t,o,p,i
1636,boxing,t,o,p,i
1637,wwe,t,o,p,i
1638,MMAStreams,t,o,p,i
1639,hockey,t,o,p,i
1640,nhl,t,o,p,i
1641,nhlstreams,t,o,p,i
1642,leafs,t,o,p,i
1643,olympics,t,o,p,i
1644,apocalympics2016,t,o,p,i
1645,gunners,t,o,p,i
1646,reddevils,t,o,p,i
1647,LiverpoolFC,t,o,p,i
1648,chelseafc,t,o,p,i
1649,seinfeld,t,o,p,i
1650,redditwritesseinfeld,t,o,p,i
1651,seinfeldgifs,t,o,p,i
1652,NetflixBestOf,t,o,p,i
1653,Netflix,t,o,p,i
1654,bestofnetflix,t,o,p,i
1655,GameDeals,t,o,p,i
1656,steamdeals,t,o,p,i
1657,PS4Deals,t,o,p,i
1658,freegamesonsteam,t,o,p,i
1659,shouldibuythisgame,t,o,p,i
1660,nintendoswitchdeals,t,o,p,i
1661,freegamefindings,t,o,p,i
1662,sony,t,o,p,i
1663,PS3,t,o,p,i
1664,playstation,t,o,p,i
1665,vita,t,o,p,i
1666,PSVR,t,o,p,i
1667,playstationplus,t,o,p,i
1668,ps5,t,o,p,i
1669,psp,t,o,p,i
1670,PS4,t,o,p,i
1671,PS4Deals,t,o,p,i
1672,zelda,t,o,p,i
1673,breath_of_the_wild,t,o,p,i
1674,blackpeoplegifs,t,o,p,i
1675,whitepeoplegifs,t,o,p,i
1676,asianpeoplegifs,t,o,p,i
1677,scriptedasiangifs,t,o,p,i
1678,reactiongifs,t,o,p,i
1679,shittyreactiongifs,t,o,p,i
1680,babyelephantgifs,t,o,p,i
1681,weathergifs,t,o,p,i
1682,gentlemanboners,t,o,p,i
1683,prettygirls,t,o,p,i
1684,hardbodies,t,o,p,i
1685,girlsmirin,t,o,p,i
1686,thinspo,t,o,p,i
1687,goddesses,t,o,p,i
1688,shorthairedhotties,t,o,p,i
1689,fitandnatural,t,o,p,i
1690,wrestlewiththeplot,t,o,p,i
1691,skinnywithabs,t,o,p,i
1692,bois,t,o,p,i
1693,GentlemanBonersGifs,t,o,p,i
1694,mildlyinteresting,t,o,p,i
1695,interestingasfuck,t,o,p,i
1696,damnthatsinteresting,t,o,p,i
1697,beamazed,t,o,p,i
1698,reallifeshinies,t,o,p,i
1699,thatsinsane,t,o,p,i
1700,playitagainsam,t,o,p,i
1701,PhotoshopBattles,t,o,p,i
1702,ColorizedHistory,t,o,p,i
1703,reallifedoodles,t,o,p,i
1704,HybridAnimals,t,o,p,i
1705,colorization,t,o,p,i
1706,amiugly,t,o,p,i
1707,roastme,t,o,p,i
1708,rateme,t,o,p,i
1709,uglyduckling,t,o,p,i
1710,prettygirlsuglyfaces,t,o,p,i
1711,wallpapers,t,o,p,i
1712,wallpaper,t,o,p,i
1713,Offensive_Wallpapers,t,o,p,i
1714,Writing,t,o,p,i
1715,writingprompts,t,o,p,i
1716,screenwriting,t,o,p,i
1717,fountainpens,t,o,p,i
1718,calligraphy,t,o,p,i
1719,handwriting,t,o,p,i
1720,twosentencehorror,t,o,p,i
1721,brandnewsentence,t,o,p,i
1722,honda,t,o,p,i
1723,subaru,t,o,p,i
1724,teslamotors,t,o,p,i
1725,bmw,t,o,p,i
1726,jeep,t,o,p,i
1727,chevytrucks,t,o,p,i
1728,volvo,t,o,p,i
1729,audi,t,o,p,i
1730,miata,t,o,p,i
1731,MilitaryPorn,t,o,p,i
1732,military,t,o,p,i
1733,combatfootage,t,o,p,i
1734,militarygfys,t,o,p,i
1735,army,t,o,p,i
1736,warshipporn,t,o,p,i
1737,justbootthings,t,o,p,i
1738,guns,t,o,p,i
1739,gunporn,t,o,p,i
1740,gundeals,t,o,p,i
1741,ar15,t,o,p,i
1742,firearms,t,o,p,i
1743,ccw,t,o,p,i
1744,airsoft,t,o,p,i
1745,gardening,t,o,p,i
1746,indoorgarden,t,o,p,i
1747,campingandhiking,t,o,p,i
1748,hiking,t,o,p,i
1749,ultralight,t,o,p,i
1750,dailyprogrammer,t,o,p,i
1751,coding,t,o,p,i
1752,python,t,o,p,i
1753,java,t,o,p,i
1754,cpp,t,o,p,i
1755,security,t,o,p,i
1756,buildapc,t,o,p,i
1757,buildapcsales,t,o,p,i
1758,buildapcforme,t,o,p,i
1759,talesfromtechsupport,t,o,p,i
1760,techsupportgore,t,o,p,i
1761,techsupport,t,o,p,i
1762,softwaregore,t,o,p,i
1763,iiiiiiitttttttttttt,t,o,p,i
1764,Jokes,t,o,p,i
1765,dadjokes,t,o,p,i
1766,standupshots,t,o,p,i
1767,punny,t,o,p,i
1768,antijokes,t,o,p,i
1769,meanjokes,t,o,p,i
1770,3amjokes,t,o,p,i
1771,puns,t,o,p,i
1772,WordAvalanches,t,o,p,i
1773,darkjokes,t,o,p,i
1774,ComedyCemetery,t,o,p,i
1775,comedyheaven,t,o,p,i
1776,comedynecromancy,t,o,p,i
1777,comedyhomicide,t,o,p,i
1778,comedynecrophilia,t,o,p,i
1779,nhaa,t,o,p,i
1780,me_irl,t,o,p,i
1781,meirl,t,o,p,i
1782,anime_irl,t,o,p,i
1783,2meirl4meirl,t,o,p,i
1784,meow_irl,t,o,p,i
1785,woof_irl,t,o,p,i
1786,TooMeIrlForMeIrl,t,o,p,i
1787,absolutelynotme_irl,t,o,p,i
1788,absolutelynotmeirl,t,o,p,i
1789,2meirl42meirl4meirl,t,o,p,i
1790,gay_irl,t,o,p,i
1791,noahgettheboat,t,o,p,i
1792,TrollXChromosomes,t,o,p,i
1793,trollychromosome,t,o,p,i
1794,starterpacks,t,o,p,i
1795,fffffffuuuuuuuuuuuu,t,o,p,i
1796,iiiiiiitttttttttttt,t,o,p,i
1797,beards,t,o,p,i
1798,vegan,t,o,p,i
1799,swoleacceptance,t,o,p,i
1800,tall,t,o,p,i
1801,asktransgender,t,o,p,i
1802,transgender,t,o,p,i
1803,traaaaaaannnnnnnnnns,t,o,p,i
1804,parenting,t,o,p,i
1805,daddit,t,o,p,i
1806,babybumps,t,o,p,i
1807,drunk,t,o,p,i
1808,scotch,t,o,p,i
1809,stopdrinking,t,o,p,i
1810,cocktails,t,o,p,i
1811,wine,t,o,p,i
1812,bourbon,t,o,p,i
1813,whiskey,t,o,p,i
1814,trees,t,o,p,i
1815,marijuana,t,o,p,i
1816,microgrowery,t,o,p,i
1817,eldertrees,t,o,p,i
1818,see,t,o,p,i
1819,leaves,t,o,p,i
1820,weed,t,o,p,i
1821,weedstocks,t,o,p,i
1822,cannabis,t,o,p,i
1823,drugs,t,o,p,i
1824,electronic_cigarette,t,o,p,i
1825,stonerengineering,t,o,p,i
1826,Nootropics,t,o,p,i
1827,LSD,t,o,p,i
1828,vaporents,t,o,p,i
1829,Vaping,t,o,p,i
1830,stopsmoking,t,o,p,i
1831,shrooms,t,o,p,i
1832,dmt,t,o,p,i
1833,LucidDreaming,t,o,p,i
1834,meditation,t,o,p,i
1835,Psychonaut,t,o,p,i
1836,mentalhealth,t,o,p,i
1837,loseit,t,o,p,i
1838,bodyweightfitness,t,o,p,i
1839,gainit,t,o,p,i
1840,swoleacceptance,t,o,p,i
1841,flexibility,t,o,p,i
1842,tattoos,t,o,p,i
1843,badtattoos,t,o,p,i
1844,tattoo,t,o,p,i
1845,sneakers,t,o,p,i
1846,repsneakers,t,o,p,i
1847,goodyearwelt,t,o,p,i
1848,cooking,t,o,p,i
1849,slowcooking,t,o,p,i
1850,askculinary,t,o,p,i
1851,baking,t,o,p,i
1852,mealprepsunday,t,o,p,i
1853,breadit,t,o,p,i
1854,cookingforbeginners,t,o,p,i
1855,smoking,t,o,p,i
1856,castiron,t,o,p,i
1857,instantpot,t,o,p,i
1858,sousvide,t,o,p,i
1859,EatCheapAndHealthy,t,o,p,i
1860,fitmeals,t,o,p,i
1861,budgetfood,t,o,p,i
1862,ketorecipes,t,o,p,i
1863,vegan,t,o,p,i
1864,1200isplenty,t,o,p,i
1865,Cheap_Meals,t,o,p,i
1866,HealthyFood,t,o,p,i
1867,veganrecipes,t,o,p,i
1868,intermittentfasting,t,o,p,i
1869,fasting,t,o,p,i
1870,coffee,t,o,p,i
1871,tea,t,o,p,i
1872,recipes,t,o,p,i
1873,gifrecipes,t,o,p,i
1874,veganrecipes,t,o,p,i
1875,pizza,t,o,p,i
1876,grilledcheese,t,o,p,i
1877,ramen,t,o,p,i
1878,bbq,t,o,p,i
1879,sushi,t,o,p,i
1880,malelifestyle,t,o,p,i
1881,malelivingspace,t,o,p,i
1882,TheGirlSurvivalGuide,t,o,p,i
1883,homeimprovement,t,o,p,i
1884,homelab,t,o,p,i
1885,homeautomation,t,o,p,i
1886,battlestations,t,o,p,i
1887,hometheater,t,o,p,i
1888,investing,t,o,p,i
1889,wallstreetbets,t,o,p,i
1890,millionairemakers,t,o,p,i
1891,weedstocks,t,o,p,i
1892,options,t,o,p,i
1893,pennystocks,t,o,p,i
1894,frugal,t,o,p,i
1895,EatCheapAndHealthy,t,o,p,i
1896,frugalmalefashion,t,o,p,i
1897,budgetfood,t,o,p,i
1898,cheap_meals,t,o,p,i
1899,Frugal_Jerk,t,o,p,i
1900,povertyfinance,t,o,p,i
1901,shutupandtakemymoney,t,o,p,i
1902,BuyItForLife,t,o,p,i
1903,crappyoffbrands,t,o,p,i
1904,shouldibuythisgame,t,o,p,i
1905,Anticonsumption,t,o,p,i
1906,sbubby,t,o,p,i
1907,Wellworn,t,o,p,i
1908,ineeeedit,t,o,p,i
1909,didntknowiwantedthat,t,o,p,i
1910,Bitcoin,t,o,p,i
1911,dogecoin,t,o,p,i
1912,CryptoCurrency,t,o,p,i
1913,ethereum,t,o,p,i
1914,ethtrade,t,o,p,i
1915,litecoin,t,o,p,i
1916,btc,t,o,p,i
1917,garlicoin,t,o,p,i
1918,cardano,t,o,p,i
1919,Vechain,t,o,p,i
1920,Parenting,t,o,p,i
1921,childfree,t,o,p,i
1922,raisedbynarcissists,t,o,p,i
1923,incest,t,o,p,i
1924,daddit,t,o,p,i
1925,justnomil,t,o,p,i
1926,justnofamily,t,o,p,i
1927,Tinder,t,o,p,i
1928,OKCupid,t,o,p,i
1929,r4r,t,o,p,i
1930,dirtyr4r,t,o,p,i
1931,longdistance,t,o,p,i
1932,sex,t,o,p,i
1933,seduction,t,o,p,i
1934,nofap,t,o,p,i
1935,deadbedrooms,t,o,p,i
1936,polyamory,t,o,p,i
1937,atheism,t,o,p,i
1938,trueatheism,t,o,p,i
1939,Christianity,t,o,p,i
1940,dankchristianmemes,t,o,p,i
1941,exmormon,t,o,p,i
1942,Catholicism,t,o,p,i
1943,philosophy,t,o,p,i
1944,askphilosophy,t,o,p,i
1945,IndianBabes,t,o,p,i
1946,indiansgonewild,t,o,p,i
1947,NSFW_Japan,t,o,p,i
1948,javdownloadcenter,t,o,p,i
1949,kpopfap,t,o,p,i
1950,NSFW_Korea,t,o,p,i
1951,anal,t,o,p,i
1952,analgw,t,o,p,i
1953,painal,t,o,p,i
1954,masterofanal,t,o,p,i
1955,buttsharpies,t,o,p,i
1956,asshole,t,o,p,i
1957,AssholeBehindThong,t,o,p,i
1958,assholegonewild,t,o,p,i
1959,spreadem,t,o,p,i
1960,godasshole,t,o,p,i
1961,girlsinyogapants,t,o,p,i
1962,yogapants,t,o,p,i
1963,BustyPetite,t,o,p,i
1964,hugeboobs,t,o,p,i
1965,stacked,t,o,p,i
1966,burstingout,t,o,p,i
1967,BigBoobsGW,t,o,p,i
1968,bigboobsgonewild,t,o,p,i
1969,2busty2hide,t,o,p,i
1970,bigtiddygothgf,t,o,p,i
1971,engorgedveinybreasts,t,o,p,i
1972,bigtitsinbikinis,t,o,p,i
1973,biggerthanherhead,t,o,p,i
1974,pokies,t,o,p,i
1975,ghostnipples,t,o,p,i
1976,nipples,t,o,p,i
1977,puffies,t,o,p,i
1978,lactation,t,o,p,i
1979,tinytits,t,o,p,i
1980,aa_cups,t,o,p,i
1981,titfuck,t,o,p,i
1982,clothedtitfuck,t,o,p,i
1983,gonewild30plus,t,o,p,i
1984,gonewild18,t,o,p,i
1985,onmww,t,o,p,i
1986,40plusgonewild,t,o,p,i
1987,GWCouples,t,o,p,i
1988,gonewildcouples,t,o,p,i
1989,gwcumsluts,t,o,p,i
1990,WouldYouFuckMyWife,t,o,p,i
1991,couplesgonewild,t,o,p,i
1992,gonewildcurvy,t,o,p,i
1993,GoneWildplus,t,o,p,i
1994,BigBoobsGW,t,o,p,i
1995,bigboobsgonewild,t,o,p,i
1996,mycleavage,t,o,p,i
1997,gonewildchubby,t,o,p,i
1998,AsiansGoneWild,t,o,p,i
1999,gonewildcolor,t,o,p,i
2000,indiansgonewild,t,o,p,i
2001,latinasgw,t,o,p,i
2002,pawgtastic,t,o,p,i
2003,workgonewild,t,o,p,i
2004,GoneWildScrubs,t,o,p,i
2005,swingersgw,t,o,p,i
2006,militarygonewild,t,o,p,i
2007,buttsandbarefeet,t,o,p,i
2008,feet,t,o,p,i
2009,datgap,t,o,p,i
2010,thighhighs,t,o,p,i
2011,thickthighs,t,o,p,i
2012,thighdeology,t,o,p,i
2013,girlsinyogapants,t,o,p,i
2014,yogapants,t,o,p,i
2015,moundofvenus,t,o,p,i
2016,pussymound,t,o,p,i
2017,OnlyFans101,t,o,p,i
2018,tiktoknsfw,t,o,p,i
2019,tiktokthots,t,o,p,i
2020,tiktokporn,t,o,p,i
2021,assinthong,t,o,p,i
2022,AssholeBehindThong,t,o,p,i
2023,facepalm,t,o,p,i
2024,quityourbullshit,t,o,p,i
2025,thathappened,t,o,p,i
2026,delusionalartists,t,o,p,i
2027,oopsdidntmeanto,t,o,p,i
2028,beholdthemasterrace,t,o,p,i
2029,murderedbywords,t,o,p,i
2030,ihavesex,t,o,p,i
2031,woooosh,t,o,p,i
2032,badfaketexts,t,o,p,i
2033,boneappletea,t,o,p,i
2034,atetheonion,t,o,p,i
2035,iamatotalpieceofshit,t,o,p,i
2036,suicidebywords,t,o,p,i
2037,kamikazebywords,t,o,p,i
2038,wowthanksimcured,t,o,p,i
2039,topmindsofreddit,t,o,p,i
2040,lostredditors,t,o,p,i
2041,dontyouknowwhoiam,t,o,p,i
2042,NobodyAsked,t,o,p,i
2043,dontfundme,t,o,p,i
2044,nothingeverhappens,t,o,p,i
2045,vaxxhappened,t,o,p,i
2046,goodfaketexts,t,o,p,i
2047,delusionalcraigslist,t,o,p,i
2048,suspiciousquotes,t,o,p,i
2049,facingtheirparenting,t,o,p,i
2050,ihadastroke,t,o,p,i
2051,untrustworthypoptarts,t,o,p,i
2052,phonesarebad,t,o,p,i
2053,rareinsults,t,o,p,i
2054,clevercomebacks,t,o,p,i
2055,fuckyoukaren,t,o,p,i
2056,uselessredcircle,t,o,p,i
2057,leopardsatemyface,t,o,p,i
2058,confidentlyincorrect,t,o,p,i
2059,entitledparents,t,o,p,i
2060,insaneparents,t,o,p,i
2061,shitmomgroupssay,t,o,p,i
2062,mildlyinfuriating,t,o,p,i
2063,crappydesign,t,o,p,i
2064,rage,t,o,p,i
2065,Bad_Cop_No_Donut,t,o,p,i
2066,gifsthatendtoosoon,t,o,p,i
2067,peoplebeingjerks,t,o,p,i
2068,casualchildabuse,t,o,p,i
2069,fuckthesepeople,t,o,p,i
2070,makemesuffer,t,o,p,i
2071,cursedimages,t,o,p,i
2072,cursedcomments,t,o,p,i
2073,tihi,t,o,p,i
2074,blursedimages,t,o,p,i
2075,cursed_images,t,o,p,i
2076,imgoingtohellforthis,t,o,p,i
2077,toosoon,t,o,p,i
2078,trashy,t,o,p,i
2079,awfuleyebrows,t,o,p,i
2080,awfuleverything,t,o,p,i
2081,13or30,t,o,p,i
2082,ghettoglamourshots,t,o,p,i
2083,peopleofwalmart,t,o,p,i
2084,hittablefaces,t,o,p,i
2085,punchablefaces,t,o,p,i
2086,botchedsurgeries,t,o,p,i
2087,subwaycreatures,t,o,p,i
2088,thalassophobia,t,o,p,i
2089,TheDepthsBelow,t,o,p,i
2090,submechanophobia,t,o,p,i
2091,MaleFashionAdvice,t,o,p,i
2092,everymanshouldknow,t,o,p,i
2093,askmen,t,o,p,i
2094,frugalmalefashion,t,o,p,i
2095,MensRights,t,o,p,i
2096,malelifestyle,t,o,p,i
2097,trollychromosome,t,o,p,i
2098,malelivingspace,t,o,p,i
2099,malehairadvice,t,o,p,i
2100,malefashion,t,o,p,i
2101,bigdickproblems,t,o,p,i
2102,askmenover30,t,o,p,i
2103,TwoXChromosomes,t,o,p,i
2104,askwomen,t,o,p,i
2105,LadyBoners,t,o,p,i
2106,TrollXChromosomes,t,o,p,i
2107,femalefashionadvice,t,o,p,i
2108,xxfitness,t,o,p,i
2109,TheGirlSurvivalGuide,t,o,p,i
2110,abrathatfits,t,o,p,i
2111,badwomensanatomy,t,o,p,i
2112,nothowgirlswork,t,o,p,i
2113,menwritingwomen,t,o,p,i
2114,TipOfMyTongue,t,o,p,i
2115,TipOfMyPenis,t,o,p,i
2116,SouthAfrica,t,o,p,i
2117,Philippines,t,o,p,i
2118,india,t,o,p,i
2119,singapore,t,o,p,i
2120,china,t,o,p,i
2121,hongkong,t,o,p,i
2122,unitedkingdom,t,o,p,i
2123,britishproblems,t,o,p,i
2124,london,t,o,p,i
2125,ukpolitics,t,o,p,i
2126,casualuk,t,o,p,i
2127,seattle,t,o,p,i
2128,SeattleWA,t,o,p,i
2129,australia,t,o,p,i
2130,newzealand,t,o,p,i
2131,melbourne,t,o,p,i
2132,sydney,t,o,p,i
2133,brasil,t,o,p,i
2134,argentina,t,o,p,i
2135,ithadtobebrazil,t,o,p,i
2136,announcements,t,o,p,i
2137,blog,t,o,p,i
2138,beta,t,o,p,i
2139,help,t,o,p,i
2140,baconreader,t,o,p,i
2141,alienblue,t,o,p,i
2142,baconit,t,o,p,i
2143,redditsync,t,o,p,i
2144,relayforreddit,t,o,p,i
2145,apolloapp,t,o,p,i
2146,redditmobile,t,o,p,i
2147,Circlejerk,t,o,p,i
2148,DiWHY,t,o,p,i
2149,frugal_jerk,t,o,p,i
2150,moviescirclejerk,t,o,p,i
2151,transgendercirclejerk,t,o,p,i
2152,SubredditDrama,t,o,p,i
2153,drama,t,o,p,i
2154,hobbydrama,t,o,p,i
2155,rbi,t,o,p,i
2156,ShitRedditSays,t,o,p,i
2157,karmaconspiracy,t,o,p,i
2158,undelete,t,o,p,i
2159,jesuschristreddit,t,o,p,i
2160,karmacourt,t,o,p,i
2161,titlegore,t,o,p,i
2162,ShitAmericansSay,t,o,p,i
2163,againsthatesubreddits,t,o,p,i
2164,bestof,t,o,p,i
2165,DepthHub,t,o,p,i
2166,BestOfReports,t,o,p,i
2167,bestoflegaladvice,t,o,p,i
2168,punpatrol,t,o,p,i
2169,redditsings,t,o,p,i
2170,subredditsimulator,t,o,p,i
2171,subredditsimmeta,t,o,p,i
2172,marijuanaenthusiasts,t,o,p,i
2173,succulents,t,o,p,i
2174,mycology,t,o,p,i
2175,bonsai,t,o,p,i
2176,TreesSuckingOnThings,t,o,p,i
2177,houseplants,t,o,p,i
2178,natureismetal,t,o,p,i
2179,Natureisbrutal,t,o,p,i
2180,naturewasmetal,t,o,p,i
2181,weathergifs,t,o,p,i
2182,tropicalweather,t,o,p,i
2183,worldnews,t,o,p,i
2184,news,t,o,p,i
2185,nottheonion,t,o,p,i
2186,UpliftingNews,t,o,p,i
2187,offbeat,t,o,p,i
2188,gamernews,t,o,p,i
2189,floridaman,t,o,p,i
2190,energy,t,o,p,i
2191,syriancivilwar,t,o,p,i
2192,truecrime,t,o,p,i
2193,Politics,t,o,p,i
2194,worldpolitics,t,o,p,i
2195,Libertarian,t,o,p,i
2196,anarchism,t,o,p,i
2197,socialism,t,o,p,i
2198,conservative,t,o,p,i
2199,politicalhumor,t,o,p,i
2200,neutralpolitics,t,o,p,i
2201,politicaldiscussion,t,o,p,i
2202,ukpolitics,t,o,p,i
2203,geopolitics,t,o,p,i
2204,communism,t,o,p,i
2205,completeanarchy,t,o,p,i
2206,chapotraphouse,t,o,p,i
2207,politicalcompassmemes,t,o,p,i
2208,shitpoliticssays,t,o,p,i
2209,Android,t,o,p,i
2210,AndroidApps,t,o,p,i
2211,AndroidGaming,t,o,p,i
2212,AndroidDev,t,o,p,i
2213,AndroidThemes,t,o,p,i
2214,oneplus,t,o,p,i
2215,apple,t,o,p,i
2216,iphone,t,o,p,i
2217,mac,t,o,p,i
2218,ipad,t,o,p,i
2219,applewatch,t,o,p,i
2220,gadgets,t,o,p,i
2221,raspberry_pi,t,o,p,i
2222,electronics,t,o,p,i
2223,arduino,t,o,p,i
2224,trackers,t,o,p,i
2225,gopro,t,o,p,i
2226,blender,t,o,p,i
2227,amazonecho,t,o,p,i
2228,RetroPie,t,o,p,i
2229,google,t,o,p,i
2230,chromecast,t,o,p,i
2231,googlepixel,t,o,p,i
2232,googlehome,t,o,p,i
2233,linux,t,o,p,i
2234,linux_gaming,t,o,p,i
2235,linux4noobs,t,o,p,i
2236,linuxmasterrace,t,o,p,i
2237,archlinux,t,o,p,i
2238,Windows10,t,o,p,i
2239,windows,t,o,p,i
2240,excel,t,o,p,i
2241,surface,t,o,p,i
2242,microsoft,t,o,p,i
